Workbook

Sheet configMobile
A1: Device Name | B1: Platform Name | C1: Platform Version | D1: Automation Name | E1: Skip Unlock | F1: AVD Launch Timeout | G1: Ensure Webview Have Pages | H1: Native Web Screenshot | I1: New Command Timeout | J1: Connect Hardware Keyboard | K1: Unicoded Keyboard | L1: Reset Keyboard | M1: No Reset | N1: App Package | O1: App Activity | P1: Adb Exec Timeout | Q1: Client Company
A2: sdk_gphone64_x86_64 | B2: Android | C2: 14 | D2: UiAutomator2 | E2: true | F2: 300000 | G2: true | H2: true | I2: 3600 | J2: true | K2: true | L2: true | M2: false | N2: com.app.acompletions | O2: com.commissioning.ui.splash.SplashActivity | P2: 60000 | Q2: =Main!B2 -> 0
C3: 12
A4: sdk_gphone64_x86_64 | B4: Android | C4: 13 | D4: UiAutomator2 | E4: true | F4: 300000 | G4: true | H4: true | I4: 3600 | J4: true | K4: true | L4: true | M4: false | N4: com.app.acompletions | O4: com.commissioning.ui.splash.SplashActivity | Q4: =Main!B4 -> 0
A6: Android SDK built for x86 | B6: Android | C6: 11 | D6: UiAutomator2 | E6: true | F6: 300000 | G6: true | H6: true | I6: 3600 | J6: true | K6: true | L6: true | M6: false | N6: com.app.acompletions | O6: com.commissioning.ui.splash.SplashActivity
A10: sdk_gphone64_x86_64 | B10: Android | C10: 13 | D10: UiAutomator2 | E10: true | F10: 300000 | G10: true | H10: true | I10: 3600 | J10: true | K10: true | L10: true | M10: false | N10: com.app.acompletions | O10: com.commissioning.ui.splash.SplashActivity
A14: Android SDK built for x86 | B14: Android | C14: 11 | D14: UiAutomator2 | E14: true | F14: 300000 | G14: true | H14: true | I14: 3600 | J14: true | K14: true | L14: true | M14: false | N14: com.app.acompletions | O14: com.commissioning.ui.splash.SplashActivity
A20: sdk_gphone64_x86_64 | B20: Android | C20: 13 | D20: UiAutomator2 | E20: true | F20: 300000 | G20: true | H20: true | I20: 3600 | J20: true | K20: true | L20: true | M20: false | N20: com.app.acompletions | O20: com.commissioning.ui.splash.SplashActivity
A23: sdk_gphone64_x86_64 | B23: Android | C23: 13 | D23: UiAutomator2 | E23: true | F23: 300000 | G23: true | H23: true | I23: 3600 | J23: true | K23: true | L23: true | M23: false | N23: com.app.acompletions | O23: com.commissioning.ui.splash.SplashActivity | Q23: =Main!B23 -> 0
A25: Pixel C | B25: Android | C25: 12 | D25: UiAutomator2 | E25: true | F25: 300000 | G25: true | H25: true | I25: 3600 | J25: true | K25: true | L25: true | M25: false | N25: com.app.acompletions | O25: com.commissioning.ui.splash.SplashActivity
A28: Redmi26 | B28: Android | C28: 8.1.0 | D28: UiAutomator2 | E28: true | F28: 300000 | G28: true | H28: true | I28: 3600 | J28: true | K28: true | L28: true | M28: false | N28: com.app.acompletions | O28: com.commissioning.ui.splash.SplashActivity | Q28: =Main!B28 -> 0
A33: Redmi26 | B33: Android | C33: 8 | D33: UiAutomator2 | E33: true | F33: 300000 | G33: true | H33: true | I33: 3600 | J33: true | K33: true | L33: true | M33: false | N33: com.app.acompletions | O33: com.commissioning.ui.splash.SplashActivity | Q33: =Main!B33 -> 0
A35: sdk_gphone64_x86_64 | B35: Android | C35: 12 | D35: UiAutomator2 | E35: true | F35: 300000 | G35: true | H35: true | I35: 3600 | J35: true | K35: true | L35: true | M35: false | N35: com.app.acompletions | O35: com.commissioning.ui.splash.SplashActivity | Q35: =Main!B35 -> 0

Sheet permitFlow
A1: Environment URL | B1: Project Name | C1: L2 User Credentials | D1: Permit Holder Credentials | E1: L4 User Credentials | F1: PCO User Credentials | G1: Permit Approver (L4) Name | H1: Projectr Admin Credentials | I1: Discipline
A2: =Main!A2 -> https://staging.im-aam.com/ | B2: =Main!B2 -> 0 | C2: =Main!D2 -> 0 | D2: =Main!E2 -> 0 | E2: =Main!F2 -> 0 | F2: =Main!H2 -> 0 | G2: =Main!I2 -> 0 | H2: =Main!J2 -> 0 | I2: =Main!O2 -> 0
A11: http://cybuild.devpress.net | B11: Brave | C11: todd.beck@example.com/123456 | E11: julie.cole@example.com/123456 | F11: noah.poulsen@example.com/123456 | G11: Julie Cole | H11: dhaval.barot@indianic.com/123456
C13: tom@mac-24.com/Test@123 | E13: john@mac-24.com/123456 | F13: kevin@mac-24.com/123456 | G13: Niall Stenson

Sheet testFlow
A1: Environment URL | B1: Client Company | C1: Project Name | D1: L2 User Credentials | E1: Permit Holder Credentials | F1: L4 User Credentials | G1: QA Manager Credentials | H1: PCO User Credentials | I1: Permit Approver (L4) Name | J1: Project Admin Credentials | K1: Supervisor Credentials | L1: Engineer Credentials | M1: Technical Admin Credentials | N1: Super Admin Credentials | O1: Discipline
A2: =Main!A2 -> https://staging.im-aam.com/ | B2: =Main!B2 -> 0 | C2: =Main!C2 -> 0 | D2: =Main!D2 -> 0 | E2: =Main!E2 -> 0 | F2: =Main!F2 -> 0 | G2: =Main!G2 -> 0 | H2: =Main!H2 -> 0 | ... O2: =Main!O2 -> 0
A11: http://cybuild.devpress.net | C11: Brave | D11: todd.beck@example.com/123456 | F11: julie.cole@example.com/123456 | H11: noah.poulsen@example.com/123456 | I11: Julie Cole | J11: dhaval.barot@indianic.com/123456
D13: tom@mac-24.com/Test@123 | F13: john@mac-24.com/123456 | H13: kevin@mac-24.com/123456 | I13: Niall Stenson

Sheet Main
A1: Environment URL | B1: Client Company | C1: Project Name | D1: L2 User Credentials | E1: Permit Holder Credentials | F1: L4 User Credentials | G1: QA Manager Credentials | H1: PCO User Credentials | I1: Permit Approver (L4) Name | J1: Project Admin Credentials | K1: Supervisor Credentials | L1: Engineer Credentials | M1: Technical Admin Credentials | N1: Super Admin Credentials | O1: Discipline
A2: https://staging.im-aam.com/
A4: https://staging.im-aam.com/
A5: https://im-aam.com/
A7: https://im-aam.com/
N24: acompletions@admin.com/123456
N26: admin@cybuild.com.au/Commsite12#
N34: admin@cybuild.com.au/Commsite12#
N37: admin@cybuild.com.au/Commsite12#
N43: admin@cybuild.com.au/Commsite12#
N46: admin@cybuild.com.au/Commsite12#
L48: engineer.27may2025@yopmail.com/Test@123 | M48: technicaladmin.27may2025@yopmail.com/Test@123 | N48: admin@cybuild.com.au/Commsite12# | O48: E&IC
